{
 "entities": {
  "FVHUKXHeJdALueB_4": {
   "transform": {
    "origin": {
     "y": 0.0, 
     "x": 0.0, 
     "z": 0.0
    }, 
    "y_axis": {
     "y": 1.0, 
     "x": 0.0, 
     "z": 0.0
    }, 
    "x_axis": {
     "y": 0.0, 
     "x": 1.0, 
     "z": 0.0
    }, 
    "z_axis": {
     "y": 0.0, 
     "x": 0.0, 
     "z": 1.0
    }
   }, 
   "type": "Sketch", 
   "name": "Sketch 2", 
   "profiles": {
    "JIG": {
     "loops": [
      {
       "is_outer": true, 
       "profile_curves": [
        {
         "type": "Line3D", 
         "start_point": {
          "y": 0.0, 
          "x": 0.43, 
          "z": 0.0
         }, 
         "curve": "JIp", 
         "end_point": {
          "y": 0.0, 
          "x": 0.4, 
          "z": 0.0
         }
        }, 
        {
         "type": "Line3D", 
         "start_point": {
          "y": 0.0, 
          "x": 0.4, 
          "z": 0.0
         }, 
         "curve": "JI1", 
         "end_point": {
          "y": 0.03, 
          "x": 0.4, 
          "z": 0.0
         }
        }, 
        {
         "type": "Line3D", 
         "start_point": {
          "y": 0.03, 
          "x": 0.43, 
          "z": 0.0
         }, 
         "curve": "JIt", 
         "end_point": {
          "y": 0.03, 
          "x": 0.4, 
          "z": 0.0
         }
        }, 
        {
         "type": "Line3D", 
         "start_point": {
          "y": 0.0, 
          "x": 0.43, 
          "z": 0.0
         }, 
         "curve": "JIx", 
         "end_point": {
          "y": 0.03, 
          "x": 0.43, 
          "z": 0.0
         }
        }
       ]
      }
     ], 
     "properties": {}
    }, 
    "JIC": {
     "loops": [
      {
       "is_outer": true, 
       "profile_curves": [
        {
         "type": "Line3D", 
         "start_point": {
          "y": 0.4, 
          "x": 0.43, 
          "z": 0.0
         }, 
         "curve": "JIZ", 
         "end_point": {
          "y": 0.4, 
          "x": 0.4, 
          "z": 0.0
         }
        }, 
        {
         "type": "Line3D", 
         "start_point": {
          "y": 0.4, 
          "x": 0.4, 
          "z": 0.0
         }, 
         "curve": "JIl", 
         "end_point": {
          "y": 0.37, 
          "x": 0.4, 
          "z": 0.0
         }
        }, 
        {
         "type": "Line3D", 
         "start_point": {
          "y": 0.37, 
          "x": 0.43, 
          "z": 0.0
         }, 
         "curve": "JId", 
         "end_point": {
          "y": 0.37, 
          "x": 0.4, 
          "z": 0.0
         }
        }, 
        {
         "type": "Line3D", 
         "start_point": {
          "y": 0.4, 
          "x": 0.43, 
          "z": 0.0
         }, 
         "curve": "JIh", 
         "end_point": {
          "y": 0.37, 
          "x": 0.43, 
          "z": 0.0
         }
        }
       ]
      }
     ], 
     "properties": {}
    }, 
    "JIO": {
     "loops": [
      {
       "is_outer": true, 
       "profile_curves": [
        {
         "type": "Line3D", 
         "start_point": {
          "y": 0.4, 
          "x": 0.03, 
          "z": 0.0
         }, 
         "curve": "JIN", 
         "end_point": {
          "y": 0.4, 
          "x": 0.06, 
          "z": 0.0
         }
        }, 
        {
         "type": "Line3D", 
         "start_point": {
          "y": 0.4, 
          "x": 0.06, 
          "z": 0.0
         }, 
         "curve": "JIV", 
         "end_point": {
          "y": 0.37, 
          "x": 0.06, 
          "z": 0.0
         }
        }, 
        {
         "type": "Line3D", 
         "start_point": {
          "y": 0.37, 
          "x": 0.03, 
          "z": 0.0
         }, 
         "curve": "JIR", 
         "end_point": {
          "y": 0.37, 
          "x": 0.06, 
          "z": 0.0
         }
        }, 
        {
         "type": "Line3D", 
         "start_point": {
          "y": 0.4, 
          "x": 0.03, 
          "z": 0.0
         }, 
         "curve": "KIBB", 
         "end_point": {
          "y": 0.37, 
          "x": 0.03, 
          "z": 0.0
         }
        }
       ]
      }
     ], 
     "properties": {}
    }, 
    "JIK": {
     "loops": [
      {
       "is_outer": true, 
       "profile_curves": [
        {
         "type": "Line3D", 
         "start_point": {
          "y": 0.0, 
          "x": 0.03, 
          "z": 0.0
         }, 
         "curve": "JIB", 
         "end_point": {
          "y": 0.0, 
          "x": 0.06, 
          "z": 0.0
         }
        }, 
        {
         "type": "Line3D", 
         "start_point": {
          "y": 0.0, 
          "x": 0.06, 
          "z": 0.0
         }, 
         "curve": "JIJ", 
         "end_point": {
          "y": 0.03, 
          "x": 0.06, 
          "z": 0.0
         }
        }, 
        {
         "type": "Line3D", 
         "start_point": {
          "y": 0.03, 
          "x": 0.03, 
          "z": 0.0
         }, 
         "curve": "JIF", 
         "end_point": {
          "y": 0.03, 
          "x": 0.06, 
          "z": 0.0
         }
        }, 
        {
         "type": "Line3D", 
         "start_point": {
          "y": 0.0, 
          "x": 0.03, 
          "z": 0.0
         }, 
         "curve": "KIRB", 
         "end_point": {
          "y": 0.03, 
          "x": 0.03, 
          "z": 0.0
         }
        }
       ]
      }
     ], 
     "properties": {}
    }, 
    "JIW": {
     "loops": [
      {
       "is_outer": true, 
       "profile_curves": [
        {
         "type": "Line3D", 
         "start_point": {
          "y": 0.0, 
          "x": 0.03, 
          "z": 0.0
         }, 
         "curve": "KIJB", 
         "end_point": {
          "y": 0.0, 
          "x": 0.0, 
          "z": 0.0
         }
        }, 
        {
         "type": "Line3D", 
         "start_point": {
          "y": 0.0, 
          "x": 0.0, 
          "z": 0.0
         }, 
         "curve": "KIVB", 
         "end_point": {
          "y": 0.03, 
          "x": 0.0, 
          "z": 0.0
         }
        }, 
        {
         "type": "Line3D", 
         "start_point": {
          "y": 0.03, 
          "x": 0.03, 
          "z": 0.0
         }, 
         "curve": "KINB", 
         "end_point": {
          "y": 0.03, 
          "x": 0.0, 
          "z": 0.0
         }
        }, 
        {
         "type": "Line3D", 
         "start_point": {
          "y": 0.0, 
          "x": 0.03, 
          "z": 0.0
         }, 
         "curve": "KIRB", 
         "end_point": {
          "y": 0.03, 
          "x": 0.03, 
          "z": 0.0
         }
        }
       ]
      }
     ], 
     "properties": {}
    }, 
    "JIS": {
     "loops": [
      {
       "is_outer": true, 
       "profile_curves": [
        {
         "type": "Line3D", 
         "start_point": {
          "y": 0.37, 
          "x": 0.03, 
          "z": 0.0
         }, 
         "curve": "JI5", 
         "end_point": {
          "y": 0.37, 
          "x": 0.0, 
          "z": 0.0
         }
        }, 
        {
         "type": "Line3D", 
         "start_point": {
          "y": 0.37, 
          "x": 0.0, 
          "z": 0.0
         }, 
         "curve": "KIFB", 
         "end_point": {
          "y": 0.4, 
          "x": 0.0, 
          "z": 0.0
         }
        }, 
        {
         "type": "Line3D", 
         "start_point": {
          "y": 0.4, 
          "x": 0.03, 
          "z": 0.0
         }, 
         "curve": "JI9", 
         "end_point": {
          "y": 0.4, 
          "x": 0.0, 
          "z": 0.0
         }
        }, 
        {
         "type": "Line3D", 
         "start_point": {
          "y": 0.4, 
          "x": 0.03, 
          "z": 0.0
         }, 
         "curve": "KIBB", 
         "end_point": {
          "y": 0.37, 
          "x": 0.03, 
          "z": 0.0
         }
        }
       ]
      }
     ], 
     "properties": {}
    }
   }, 
   "reference_plane": {}
  }, 
  "FNbiu52mmOvGtpL_0": {
   "transform": {
    "origin": {
     "y": 0.0, 
     "x": 0.0, 
     "z": 0.0
    }, 
    "y_axis": {
     "y": 0.0, 
     "x": -0.0, 
     "z": 1.0
    }, 
    "x_axis": {
     "y": 0.0, 
     "x": 1.0, 
     "z": 0.0
    }, 
    "z_axis": {
     "y": -1.0, 
     "x": 0.0, 
     "z": 0.0
    }
   }, 
   "type": "Sketch", 
   "name": "Sketch 1", 
   "profiles": {
    "JGC": {
     "loops": [
      {
       "is_outer": true, 
       "profile_curves": [
        {
         "type": "Line3D", 
         "start_point": {
          "y": 0.0, 
          "x": 0.0, 
          "z": 0.0
         }, 
         "curve": "JGB", 
         "end_point": {
          "y": 0.0, 
          "x": 0.03, 
          "z": 0.0
         }
        }, 
        {
         "type": "Line3D", 
         "start_point": {
          "y": 0.0, 
          "x": 0.03, 
          "z": 0.0
         }, 
         "curve": "JGN", 
         "end_point": {
          "y": 0.03, 
          "x": 0.03, 
          "z": 0.0
         }
        }, 
        {
         "type": "Line3D", 
         "start_point": {
          "y": 0.03, 
          "x": 0.0, 
          "z": 0.0
         }, 
         "curve": "JGF", 
         "end_point": {
          "y": 0.03, 
          "x": 0.03, 
          "z": 0.0
         }
        }, 
        {
         "type": "Line3D", 
         "start_point": {
          "y": 0.0, 
          "x": 0.0, 
          "z": 0.0
         }, 
         "curve": "JGJ", 
         "end_point": {
          "y": 0.03, 
          "x": 0.0, 
          "z": 0.0
         }
        }
       ]
      }
     ], 
     "properties": {}
    }, 
    "JGG": {
     "loops": [
      {
       "is_outer": true, 
       "profile_curves": [
        {
         "type": "Line3D", 
         "start_point": {
          "y": 0.37, 
          "x": 0.0, 
          "z": 0.0
         }, 
         "curve": "JGR", 
         "end_point": {
          "y": 0.37, 
          "x": 0.03, 
          "z": 0.0
         }
        }, 
        {
         "type": "Line3D", 
         "start_point": {
          "y": 0.37, 
          "x": 0.03, 
          "z": 0.0
         }, 
         "curve": "JGd", 
         "end_point": {
          "y": 0.4, 
          "x": 0.03, 
          "z": 0.0
         }
        }, 
        {
         "type": "Line3D", 
         "start_point": {
          "y": 0.4, 
          "x": 0.0, 
          "z": 0.0
         }, 
         "curve": "JGZ", 
         "end_point": {
          "y": 0.4, 
          "x": 0.03, 
          "z": 0.0
         }
        }, 
        {
         "type": "Line3D", 
         "start_point": {
          "y": 0.37, 
          "x": 0.0, 
          "z": 0.0
         }, 
         "curve": "JGV", 
         "end_point": {
          "y": 0.4, 
          "x": 0.0, 
          "z": 0.0
         }
        }
       ]
      }
     ], 
     "properties": {}
    }, 
    "JGK": {
     "loops": [
      {
       "is_outer": true, 
       "profile_curves": [
        {
         "type": "Line3D", 
         "start_point": {
          "y": 0.0, 
          "x": 0.4, 
          "z": 0.0
         }, 
         "curve": "JGh", 
         "end_point": {
          "y": 0.0, 
          "x": 0.43, 
          "z": 0.0
         }
        }, 
        {
         "type": "Line3D", 
         "start_point": {
          "y": 0.0, 
          "x": 0.43, 
          "z": 0.0
         }, 
         "curve": "JGt", 
         "end_point": {
          "y": 0.03, 
          "x": 0.43, 
          "z": 0.0
         }
        }, 
        {
         "type": "Line3D", 
         "start_point": {
          "y": 0.03, 
          "x": 0.4, 
          "z": 0.0
         }, 
         "curve": "JGp", 
         "end_point": {
          "y": 0.03, 
          "x": 0.43, 
          "z": 0.0
         }
        }, 
        {
         "type": "Line3D", 
         "start_point": {
          "y": 0.0, 
          "x": 0.4, 
          "z": 0.0
         }, 
         "curve": "JGl", 
         "end_point": {
          "y": 0.03, 
          "x": 0.4, 
          "z": 0.0
         }
        }
       ]
      }
     ], 
     "properties": {}
    }, 
    "JGO": {
     "loops": [
      {
       "is_outer": true, 
       "profile_curves": [
        {
         "type": "Line3D", 
         "start_point": {
          "y": 0.37, 
          "x": 0.4, 
          "z": 0.0
         }, 
         "curve": "JGx", 
         "end_point": {
          "y": 0.37, 
          "x": 0.43, 
          "z": 0.0
         }
        }, 
        {
         "type": "Line3D", 
         "start_point": {
          "y": 0.37, 
          "x": 0.43, 
          "z": 0.0
         }, 
         "curve": "JG9", 
         "end_point": {
          "y": 0.4, 
          "x": 0.43, 
          "z": 0.0
         }
        }, 
        {
         "type": "Line3D", 
         "start_point": {
          "y": 0.4, 
          "x": 0.4, 
          "z": 0.0
         }, 
         "curve": "JG5", 
         "end_point": {
          "y": 0.4, 
          "x": 0.43, 
          "z": 0.0
         }
        }, 
        {
         "type": "Line3D", 
         "start_point": {
          "y": 0.37, 
          "x": 0.4, 
          "z": 0.0
         }, 
         "curve": "JG1", 
         "end_point": {
          "y": 0.4, 
          "x": 0.4, 
          "z": 0.0
         }
        }
       ]
      }
     ], 
     "properties": {}
    }
   }, 
   "reference_plane": {}
  }, 
  "FQ0IgzG72kmaiTf_4": {
   "transform": {
    "origin": {
     "y": 0.0, 
     "x": 0.0, 
     "z": 0.0
    }, 
    "y_axis": {
     "y": 0.0, 
     "x": 0.0, 
     "z": 1.0
    }, 
    "x_axis": {
     "y": 1.0, 
     "x": 0.0, 
     "z": 0.0
    }, 
    "z_axis": {
     "y": 0.0, 
     "x": 1.0, 
     "z": 0.0
    }
   }, 
   "type": "Sketch", 
   "name": "Sketch 3", 
   "profiles": {
    "JKC": {
     "loops": [
      {
       "is_outer": true, 
       "profile_curves": [
        {
         "type": "Line3D", 
         "start_point": {
          "y": 0.4, 
          "x": 0.0, 
          "z": 0.0
         }, 
         "curve": "JKB", 
         "end_point": {
          "y": 0.4, 
          "x": 0.03, 
          "z": 0.0
         }
        }, 
        {
         "type": "Line3D", 
         "start_point": {
          "y": 0.4, 
          "x": 0.03, 
          "z": 0.0
         }, 
         "curve": "JKN", 
         "end_point": {
          "y": 0.37, 
          "x": 0.03, 
          "z": 0.0
         }
        }, 
        {
         "type": "Line3D", 
         "start_point": {
          "y": 0.37, 
          "x": 0.0, 
          "z": 0.0
         }, 
         "curve": "JKF", 
         "end_point": {
          "y": 0.37, 
          "x": 0.03, 
          "z": 0.0
         }
        }, 
        {
         "type": "Line3D", 
         "start_point": {
          "y": 0.4, 
          "x": 0.0, 
          "z": 0.0
         }, 
         "curve": "JKJ", 
         "end_point": {
          "y": 0.37, 
          "x": 0.0, 
          "z": 0.0
         }
        }
       ]
      }
     ], 
     "properties": {}
    }, 
    "JKG": {
     "loops": [
      {
       "is_outer": true, 
       "profile_curves": [
        {
         "type": "Line3D", 
         "start_point": {
          "y": 0.4, 
          "x": 0.4, 
          "z": 0.0
         }, 
         "curve": "JKR", 
         "end_point": {
          "y": 0.4, 
          "x": 0.37, 
          "z": 0.0
         }
        }, 
        {
         "type": "Line3D", 
         "start_point": {
          "y": 0.4, 
          "x": 0.37, 
          "z": 0.0
         }, 
         "curve": "JKd", 
         "end_point": {
          "y": 0.37, 
          "x": 0.37, 
          "z": 0.0
         }
        }, 
        {
         "type": "Line3D", 
         "start_point": {
          "y": 0.37, 
          "x": 0.4, 
          "z": 0.0
         }, 
         "curve": "JKV", 
         "end_point": {
          "y": 0.37, 
          "x": 0.37, 
          "z": 0.0
         }
        }, 
        {
         "type": "Line3D", 
         "start_point": {
          "y": 0.4, 
          "x": 0.4, 
          "z": 0.0
         }, 
         "curve": "JKZ", 
         "end_point": {
          "y": 0.37, 
          "x": 0.4, 
          "z": 0.0
         }
        }
       ]
      }
     ], 
     "properties": {}
    }, 
    "JKO": {
     "loops": [
      {
       "is_outer": true, 
       "profile_curves": [
        {
         "type": "Line3D", 
         "start_point": {
          "y": 0.03, 
          "x": 0.37, 
          "z": 0.0
         }, 
         "curve": "JKx", 
         "end_point": {
          "y": 0.03, 
          "x": 0.4, 
          "z": 0.0
         }
        }, 
        {
         "type": "Line3D", 
         "start_point": {
          "y": 0.03, 
          "x": 0.4, 
          "z": 0.0
         }, 
         "curve": "JK9", 
         "end_point": {
          "y": 0.0, 
          "x": 0.4, 
          "z": 0.0
         }
        }, 
        {
         "type": "Line3D", 
         "start_point": {
          "y": 0.0, 
          "x": 0.37, 
          "z": 0.0
         }, 
         "curve": "JK1", 
         "end_point": {
          "y": 0.0, 
          "x": 0.4, 
          "z": 0.0
         }
        }, 
        {
         "type": "Line3D", 
         "start_point": {
          "y": 0.03, 
          "x": 0.37, 
          "z": 0.0
         }, 
         "curve": "JK5", 
         "end_point": {
          "y": 0.0, 
          "x": 0.37, 
          "z": 0.0
         }
        }
       ]
      }
     ], 
     "properties": {}
    }, 
    "JKK": {
     "loops": [
      {
       "is_outer": true, 
       "profile_curves": [
        {
         "type": "Line3D", 
         "start_point": {
          "y": 0.0, 
          "x": 0.0, 
          "z": 0.0
         }, 
         "curve": "JKh", 
         "end_point": {
          "y": 0.0, 
          "x": 0.03, 
          "z": 0.0
         }
        }, 
        {
         "type": "Line3D", 
         "start_point": {
          "y": 0.0, 
          "x": 0.03, 
          "z": 0.0
         }, 
         "curve": "JKt", 
         "end_point": {
          "y": 0.03, 
          "x": 0.03, 
          "z": 0.0
         }
        }, 
        {
         "type": "Line3D", 
         "start_point": {
          "y": 0.03, 
          "x": 0.0, 
          "z": 0.0
         }, 
         "curve": "JKl", 
         "end_point": {
          "y": 0.03, 
          "x": 0.03, 
          "z": 0.0
         }
        }, 
        {
         "type": "Line3D", 
         "start_point": {
          "y": 0.0, 
          "x": 0.0, 
          "z": 0.0
         }, 
         "curve": "JKp", 
         "end_point": {
          "y": 0.03, 
          "x": 0.0, 
          "z": 0.0
         }
        }
       ]
      }
     ], 
     "properties": {}
    }
   }, 
   "reference_plane": {}
  }
 }, 
 "properties": {
  "bounding_box": {
   "max_point": {
    "y": 0.4, 
    "x": 0.4300000000001205, 
    "z": 0.4
   }, 
   "type": "BoundingBox3D", 
   "min_point": {
    "y": -7.711880882031582e-17, 
    "x": -3.8163916471489756e-17, 
    "z": -2.7755575615628914e-17
   }
  }
 }, 
 "sequence": [
  {
   "index": 0, 
   "type": "Sketch", 
   "entity": "FNbiu52mmOvGtpL_0"
  }, 
  {
   "index": 1, 
   "type": "Sketch", 
   "entity": "FVHUKXHeJdALueB_4"
  }, 
  {
   "index": 2, 
   "type": "Sketch", 
   "entity": "FQ0IgzG72kmaiTf_4"
  }
 ]
}