{
 "entities": {
  "FuZdUm7W3eOpzSm_0": {
   "transform": {
    "origin": {
     "y": 0.0, 
     "x": -0.00947295, 
     "z": -0.00408066
    }, 
    "y_axis": {
     "y": 0.0, 
     "x": -0.0, 
     "z": 1.0
    }, 
    "x_axis": {
     "y": 0.0, 
     "x": 1.0, 
     "z": 0.0
    }, 
    "z_axis": {
     "y": -1.0, 
     "x": 0.0, 
     "z": 0.0
    }
   }, 
   "type": "Sketch", 
   "name": "Sketch 2", 
   "profiles": {
    "JIC": {
     "loops": [
      {
       "is_outer": true, 
       "profile_curves": [
        {
         "center_point": {
          "y": 0.00408066, 
          "x": 0.0001457400000000001, 
          "z": 0.0
         }, 
         "type": "Circle3D", 
         "radius": 0.02133204, 
         "curve": "JIB", 
         "normal": {
          "y": -1.0, 
          "x": 0.0, 
          "z": 0.0
         }
        }
       ]
      }
     ], 
     "properties": {}
    }
   }, 
   "reference_plane": {}
  }, 
  "Fn3rpxOP5gcNdIK_0": {
   "transform": {
    "origin": {
     "y": 0.0, 
     "x": 0.0, 
     "z": 0.0
    }, 
    "y_axis": {
     "y": 0.0, 
     "x": -0.0, 
     "z": 1.0
    }, 
    "x_axis": {
     "y": 0.0, 
     "x": 1.0, 
     "z": 0.0
    }, 
    "z_axis": {
     "y": -1.0, 
     "x": 0.0, 
     "z": 0.0
    }
   }, 
   "type": "Sketch", 
   "name": "Sketch 1", 
   "profiles": {
    "JGC": {
     "loops": [
      {
       "is_outer": true, 
       "profile_curves": [
        {
         "type": "Line3D", 
         "start_point": {
          "y": 0.02608705, 
          "x": -0.03964066, 
          "z": 0.0
         }, 
         "curve": "JGB", 
         "end_point": {
          "y": 0.02608705, 
          "x": 0.02069475, 
          "z": 0.0
         }
        }, 
        {
         "type": "Line3D", 
         "start_point": {
          "y": 0.02608705, 
          "x": 0.02069475, 
          "z": 0.0
         }, 
         "curve": "JGN", 
         "end_point": {
          "y": -0.03424836, 
          "x": 0.02069475, 
          "z": 0.0
         }
        }, 
        {
         "type": "Line3D", 
         "start_point": {
          "y": -0.03424836, 
          "x": -0.03964066, 
          "z": 0.0
         }, 
         "curve": "JGF", 
         "end_point": {
          "y": -0.03424836, 
          "x": 0.02069475, 
          "z": 0.0
         }
        }, 
        {
         "type": "Line3D", 
         "start_point": {
          "y": 0.02608705, 
          "x": -0.03964066, 
          "z": 0.0
         }, 
         "curve": "JGJ", 
         "end_point": {
          "y": -0.03424836, 
          "x": -0.03964066, 
          "z": 0.0
         }
        }
       ]
      }
     ], 
     "properties": {}
    }
   }, 
   "reference_plane": {}
  }
 }, 
 "properties": {
  "bounding_box": {
   "max_point": {
    "y": 0.2857, 
    "x": 0.020694753155112267, 
    "z": 0.026087049394845963
   }, 
   "type": "BoundingBox3D", 
   "min_point": {
    "y": -10.175514, 
    "x": -0.03964065760374069, 
    "z": -0.03424835950136185
   }
  }
 }, 
 "sequence": [
  {
   "index": 0, 
   "type": "Sketch", 
   "entity": "Fn3rpxOP5gcNdIK_0"
  }, 
  {
   "index": 1, 
   "type": "Sketch", 
   "entity": "FuZdUm7W3eOpzSm_0"
  }
 ]
}